rango edad;comunidad autonoma;sexo;etapa educativa;año;datos

55 - 64 años;Andalucia;AMBOS SEXOS;Inferior a 2ª etapa de E. Secundaria;2023;54,41
55 - 64 años;Andalucia;AMBOS SEXOS;Inferior a 2ª etapa de E. Secundaria;2022;56,32
55 - 64 años;Andalucia;AMBOS SEXOS;Inferior a 2ª etapa de E. Secundaria;2021;56,64
55 - 64 años;Andalucia;AMBOS SEXOS;Inferior a 2ª etapa de E. Secundaria;2020;59,27
55 - 64 años;Andalucia;AMBOS SEXOS;Inferior a 2ª etapa de E. Secundaria;2019;61,39
55 - 64 años;Andalucia;AMBOS SEXOS;Inferior a 2ª etapa de E. Secundaria;2018;61,82

55 - 64 años;Andalucia;AMBOS SEXOS;2ª etapa E. Secundaria;2023;18,99
55 - 64 años;Andalucia;AMBOS SEXOS;2ª etapa E. Secundaria;2022;18,43
55 - 64 años;Andalucia;AMBOS SEXOS;2ª etapa E. Secundaria;2021;19,43
55 - 64 años;Andalucia;AMBOS SEXOS;2ª etapa E. Secundaria;2020;17,95
55 - 64 años;Andalucia;AMBOS SEXOS;2ª etapa E. Secundaria;2019;17,19
55 - 64 años;Andalucia;AMBOS SEXOS;2ª etapa E. Secundaria;2018;16,89

55 - 64 años;Andalucia;AMBOS SEXOS;E. Superior;2023;26,60
55 - 64 años;Andalucia;AMBOS SEXOS;E. Superior;2022;25,25
55 - 64 años;Andalucia;AMBOS SEXOS;E. Superior;2021;23,93
55 - 64 años;Andalucia;AMBOS SEXOS;E. Superior;2020;22,78
55 - 64 años;Andalucia;AMBOS SEXOS;E. Superior;2019;21,42
55 - 64 años;Andalucia;AMBOS SEXOS;E. Superior;2018;21,29

55 - 64 años;Aragon;AMBOS SEXOS;Inferior a 2ª etapa de E. Secundaria;2023;41,50
55 - 64 años;Aragon;AMBOS SEXOS;Inferior a 2ª etapa de E. Secundaria;2022;44,42
55 - 64 años;Aragon;AMBOS SEXOS;Inferior a 2ª etapa de E. Secundaria;2021;44,05
55 - 64 años;Aragon;AMBOS SEXOS;Inferior a 2ª etapa de E. Secundaria;2020;48,70
55 - 64 años;Aragon;AMBOS SEXOS;Inferior a 2ª etapa de E. Secundaria;2019;49,11
55 - 64 años;Aragon;AMBOS SEXOS;Inferior a 2ª etapa de E. Secundaria;2018;48,37

55 - 64 años;Aragon;AMBOS SEXOS;2ª etapa E. Secundaria;2023;24,61
55 - 64 años;Aragon;AMBOS SEXOS;2ª etapa E. Secundaria;2022;23,32
55 - 64 años;Aragon;AMBOS SEXOS;2ª etapa E. Secundaria;2021;25,18
55 - 64 años;Aragon;AMBOS SEXOS;2ª etapa E. Secundaria;2020;24,44
55 - 64 años;Aragon;AMBOS SEXOS;2ª etapa E. Secundaria;2019;24,11
55 - 64 años;Aragon;AMBOS SEXOS;2ª etapa E. Secundaria;2018;25,27

55 - 64 años;Aragon;AMBOS SEXOS;E. Superior;2023;33,89
55 - 64 años;Aragon;AMBOS SEXOS;E. Superior;2022;32,26
55 - 64 años;Aragon;AMBOS SEXOS;E. Superior;2021;30,77
55 - 64 años;Aragon;AMBOS SEXOS;E. Superior;2020;26,86
55 - 64 años;Aragon;AMBOS SEXOS;E. Superior;2019;26,78
55 - 64 años;Aragon;AMBOS SEXOS;E. Superior;2018;26,36

55 - 64 años;Principado de Asturias;AMBOS SEXOS;Inferior a 2ª etapa de E. Secundaria;2023;42,37
55 - 64 años;Principado de Asturias;AMBOS SEXOS;Inferior a 2ª etapa de E. Secundaria;2022;44,11
55 - 64 años;Principado de Asturias;AMBOS SEXOS;Inferior a 2ª etapa de E. Secundaria;2021;44,12
55 - 64 años;Principado de Asturias;AMBOS SEXOS;Inferior a 2ª etapa de E. Secundaria;2020;42,47
55 - 64 años;Principado de Asturias;AMBOS SEXOS;Inferior a 2ª etapa de E. Secundaria;2019;44,57
55 - 64 años;Principado de Asturias;AMBOS SEXOS;Inferior a 2ª etapa de E. Secundaria;2018;45,46

55 - 64 años;Principado de Asturias;AMBOS SEXOS;2ª etapa E. Secundaria;2023;26,33
55 - 64 años;Principado de Asturias;AMBOS SEXOS;2ª etapa E. Secundaria;2022;24,71
55 - 64 años;Principado de Asturias;AMBOS SEXOS;2ª etapa E. Secundaria;2021;25,46
55 - 64 años;Principado de Asturias;AMBOS SEXOS;2ª etapa E. Secundaria;2020;24,34
55 - 64 años;Principado de Asturias;AMBOS SEXOS;2ª etapa E. Secundaria;2019;23,92
55 - 64 años;Principado de Asturias;AMBOS SEXOS;2ª etapa E. Secundaria;2018;24,19

55 - 64 años;Principado de Asturias;AMBOS SEXOS;E. Superior;2023;31,31
55 - 64 años;Principado de Asturias;AMBOS SEXOS;E. Superior;2022;31,19
55 - 64 años;Principado de Asturias;AMBOS SEXOS;E. Superior;2021;30,41
55 - 64 años;Principado de Asturias;AMBOS SEXOS;E. Superior;2020;33,19
55 - 64 años;Principado de Asturias;AMBOS SEXOS;E. Superior;2019;31,51
55 - 64 años;Principado de Asturias;AMBOS SEXOS;E. Superior;2018;30,35

55 - 64 años;Islas Baleares;AMBOS SEXOS;Inferior a 2ª etapa de E. Secundaria;2023;48,28
55 - 64 años;Islas Baleares;AMBOS SEXOS;Inferior a 2ª etapa de E. Secundaria;2022;49,25
55 - 64 años;Islas Baleares;AMBOS SEXOS;Inferior a 2ª etapa de E. Secundaria;2021;46,95
55 - 64 años;Islas Baleares;AMBOS SEXOS;Inferior a 2ª etapa de E. Secundaria;2020;50,56
55 - 64 años;Islas Baleares;AMBOS SEXOS;Inferior a 2ª etapa de E. Secundaria;2019;53,25
55 - 64 años;Islas Baleares;AMBOS SEXOS;Inferior a 2ª etapa de E. Secundaria;2018;53,00

55 - 64 años;Islas Baleares;AMBOS SEXOS;2ª etapa E. Secundaria;2023;26,92
55 - 64 años;Islas Baleares;AMBOS SEXOS;2ª etapa E. Secundaria;2022;25,15
55 - 64 años;Islas Baleares;AMBOS SEXOS;2ª etapa E. Secundaria;2021;26,68
55 - 64 años;Islas Baleares;AMBOS SEXOS;2ª etapa E. Secundaria;2020;24,89
55 - 64 años;Islas Baleares;AMBOS SEXOS;2ª etapa E. Secundaria;2019;25,00
55 - 64 años;Islas Baleares;AMBOS SEXOS;2ª etapa E. Secundaria;2018;26,09

55 - 64 años;Islas Baleares;AMBOS SEXOS;E. Superior;2023;24,80
55 - 64 años;Islas Baleares;AMBOS SEXOS;E. Superior;2022;25,60
55 - 64 años;Islas Baleares;AMBOS SEXOS;E. Superior;2021;26,37
55 - 64 años;Islas Baleares;AMBOS SEXOS;E. Superior;2020;24,55
55 - 64 años;Islas Baleares;AMBOS SEXOS;E. Superior;2019;21,75
55 - 64 años;Islas Baleares;AMBOS SEXOS;E. Superior;2018;20,91

55 - 64 años;Canarias;AMBOS SEXOS;Inferior a 2ª etapa de E. Secundaria;2023;52,37
55 - 64 años;Canarias;AMBOS SEXOS;Inferior a 2ª etapa de E. Secundaria;2022;52,58
55 - 64 años;Canarias;AMBOS SEXOS;Inferior a 2ª etapa de E. Secundaria;2021;51,81
55 - 64 años;Canarias;AMBOS SEXOS;Inferior a 2ª etapa de E. Secundaria;2020;49,79
55 - 64 años;Canarias;AMBOS SEXOS;Inferior a 2ª etapa de E. Secundaria;2019;54,20
55 - 64 años;Canarias;AMBOS SEXOS;Inferior a 2ª etapa de E. Secundaria;2018;59,07

55 - 64 años;Canarias;AMBOS SEXOS;2ª etapa E. Secundaria;2023;22,51
55 - 64 años;Canarias;AMBOS SEXOS;2ª etapa E. Secundaria;2022;21,62
55 - 64 años;Canarias;AMBOS SEXOS;2ª etapa E. Secundaria;2021;21,49
55 - 64 años;Canarias;AMBOS SEXOS;2ª etapa E. Secundaria;2020;25,00
55 - 64 años;Canarias;AMBOS SEXOS;2ª etapa E. Secundaria;2019;22,10
55 - 64 años;Canarias;AMBOS SEXOS;2ª etapa E. Secundaria;2018;19,79

55 - 64 años;Canarias;AMBOS SEXOS;E. Superior;2023;25,13
55 - 64 años;Canarias;AMBOS SEXOS;E. Superior;2022;25,80
55 - 64 años;Canarias;AMBOS SEXOS;E. Superior;2021;26,70
55 - 64 años;Canarias;AMBOS SEXOS;E. Superior;2020;25,21
55 - 64 años;Canarias;AMBOS SEXOS;E. Superior;2019;23,69
55 - 64 años;Canarias;AMBOS SEXOS;E. Superior;2018;21,15

55 - 64 años;Cantabria;AMBOS SEXOS;Inferior a 2ª etapa de E. Secundaria;2023;34,97
55 - 64 años;Cantabria;AMBOS SEXOS;Inferior a 2ª etapa de E. Secundaria;2022;39,82
55 - 64 años;Cantabria;AMBOS SEXOS;Inferior a 2ª etapa de E. Secundaria;2021;44,42
55 - 64 años;Cantabria;AMBOS SEXOS;Inferior a 2ª etapa de E. Secundaria;2020;45,60
55 - 64 años;Cantabria;AMBOS SEXOS;Inferior a 2ª etapa de E. Secundaria;2019;44,16
55 - 64 años;Cantabria;AMBOS SEXOS;Inferior a 2ª etapa de E. Secundaria;2018;44,25

55 - 64 años;Cantabria;AMBOS SEXOS;2ª etapa E. Secundaria;2023;26,70
55 - 64 años;Cantabria;AMBOS SEXOS;2ª etapa E. Secundaria;2022;24,67
55 - 64 años;Cantabria;AMBOS SEXOS;2ª etapa E. Secundaria;2021;22,88
55 - 64 años;Cantabria;AMBOS SEXOS;2ª etapa E. Secundaria;2020;24,14
55 - 64 años;Cantabria;AMBOS SEXOS;2ª etapa E. Secundaria;2019;25,61
55 - 64 años;Cantabria;AMBOS SEXOS;2ª etapa E. Secundaria;2018;27,25

55 - 64 años;Cantabria;AMBOS SEXOS;E. Superior;2023;38,32
55 - 64 años;Cantabria;AMBOS SEXOS;E. Superior;2022;35,51
55 - 64 años;Cantabria;AMBOS SEXOS;E. Superior;2021;32,70
55 - 64 años;Cantabria;AMBOS SEXOS;E. Superior;2020;30,26
55 - 64 años;Cantabria;AMBOS SEXOS;E. Superior;2019;30,23
55 - 64 años;Cantabria;AMBOS SEXOS;E. Superior;2018;28,49

55 - 64 años;Castilla y Leon;AMBOS SEXOS;Inferior a 2ª etapa de E. Secundaria;2023;44,48
55 - 64 años;Castilla y Leon;AMBOS SEXOS;Inferior a 2ª etapa de E. Secundaria;2022;45,24
55 - 64 años;Castilla y Leon;AMBOS SEXOS;Inferior a 2ª etapa de E. Secundaria;2021;47,43
55 - 64 años;Castilla y Leon;AMBOS SEXOS;Inferior a 2ª etapa de E. Secundaria;2020;49,54
55 - 64 años;Castilla y Leon;AMBOS SEXOS;Inferior a 2ª etapa de E. Secundaria;2019;51,90
55 - 64 años;Castilla y Leon;AMBOS SEXOS;Inferior a 2ª etapa de E. Secundaria;2018;53,15

55 - 64 años;Castilla y Leon;AMBOS SEXOS;2ª etapa E. Secundaria;2023;23,40
55 - 64 años;Castilla y Leon;AMBOS SEXOS;2ª etapa E. Secundaria;2022;25,00
55 - 64 años;Castilla y Leon;AMBOS SEXOS;2ª etapa E. Secundaria;2021;24,17
55 - 64 años;Castilla y Leon;AMBOS SEXOS;2ª etapa E. Secundaria;2020;22,98
55 - 64 años;Castilla y Leon;AMBOS SEXOS;2ª etapa E. Secundaria;2019;22,41
55 - 64 años;Castilla y Leon;AMBOS SEXOS;2ª etapa E. Secundaria;2018;21,81

55 - 64 años;Castilla y Leon;AMBOS SEXOS;E. Superior;2023;32,12
55 - 64 años;Castilla y Leon;AMBOS SEXOS;E. Superior;2022;29,76
55 - 64 años;Castilla y Leon;AMBOS SEXOS;E. Superior;2021;28,40
55 - 64 años;Castilla y Leon;AMBOS SEXOS;E. Superior;2020;27,48
55 - 64 años;Castilla y Leon;AMBOS SEXOS;E. Superior;2019;25,69
55 - 64 años;Castilla y Leon;AMBOS SEXOS;E. Superior;2018;25,04

55 - 64 años;Castilla La Mancha;AMBOS SEXOS;Inferior a 2ª etapa de E. Secundaria;2023;57,25
55 - 64 años;Castilla La Mancha;AMBOS SEXOS;Inferior a 2ª etapa de E. Secundaria;2022;60,91
55 - 64 años;Castilla La Mancha;AMBOS SEXOS;Inferior a 2ª etapa de E. Secundaria;2021;59,83
55 - 64 años;Castilla La Mancha;AMBOS SEXOS;Inferior a 2ª etapa de E. Secundaria;2020;62,14
55 - 64 años;Castilla La Mancha;AMBOS SEXOS;Inferior a 2ª etapa de E. Secundaria;2019;65,10
55 - 64 años;Castilla La Mancha;AMBOS SEXOS;Inferior a 2ª etapa de E. Secundaria;2018;65,53

55 - 64 años;Castilla La Mancha;AMBOS SEXOS;2ª etapa E. Secundaria;2023;20,72
55 - 64 años;Castilla La Mancha;AMBOS SEXOS;2ª etapa E. Secundaria;2022;18,96
55 - 64 años;Castilla La Mancha;AMBOS SEXOS;2ª etapa E. Secundaria;2021;19,64
55 - 64 años;Castilla La Mancha;AMBOS SEXOS;2ª etapa E. Secundaria;2020;18,00
55 - 64 años;Castilla La Mancha;AMBOS SEXOS;2ª etapa E. Secundaria;2019;16,97
55 - 64 años;Castilla La Mancha;AMBOS SEXOS;2ª etapa E. Secundaria;2018;17,61

55 - 64 años;Castilla La Mancha;AMBOS SEXOS;E. Superior;2023;22,03
55 - 64 años;Castilla La Mancha;AMBOS SEXOS;E. Superior;2022;20,12
55 - 64 años;Castilla La Mancha;AMBOS SEXOS;E. Superior;2021;20,53
55 - 64 años;Castilla La Mancha;AMBOS SEXOS;E. Superior;2020;19,86
55 - 64 años;Castilla La Mancha;AMBOS SEXOS;E. Superior;2019;17,93
55 - 64 años;Castilla La Mancha;AMBOS SEXOS;E. Superior;2018;16,85

55 - 64 años;Catalunya;AMBOS SEXOS;Inferior a 2ª etapa de E. Secundaria;2023;41,38
55 - 64 años;Catalunya;AMBOS SEXOS;Inferior a 2ª etapa de E. Secundaria;2022;43,53
55 - 64 años;Catalunya;AMBOS SEXOS;Inferior a 2ª etapa de E. Secundaria;2021;45,57
55 - 64 años;Catalunya;AMBOS SEXOS;Inferior a 2ª etapa de E. Secundaria;2020;48,96
55 - 64 años;Catalunya;AMBOS SEXOS;Inferior a 2ª etapa de E. Secundaria;2019;50,71
55 - 64 años;Catalunya;AMBOS SEXOS;Inferior a 2ª etapa de E. Secundaria;2018;53,07

55 - 64 años;Catalunya;AMBOS SEXOS;2ª etapa E. Secundaria;2023;25,07
55 - 64 años;Catalunya;AMBOS SEXOS;2ª etapa E. Secundaria;2022;24,94
55 - 64 años;Catalunya;AMBOS SEXOS;2ª etapa E. Secundaria;2021;23,02
55 - 64 años;Catalunya;AMBOS SEXOS;2ª etapa E. Secundaria;2020;21,01
55 - 64 años;Catalunya;AMBOS SEXOS;2ª etapa E. Secundaria;2019;20,72
55 - 64 años;Catalunya;AMBOS SEXOS;2ª etapa E. Secundaria;2018;20,44

55 - 64 años;Catalunya;AMBOS SEXOS;E. Superior;2023;33,55
55 - 64 años;Catalunya;AMBOS SEXOS;E. Superior;2022;31,53
55 - 64 años;Catalunya;AMBOS SEXOS;E. Superior;2021;31,41
55 - 64 años;Catalunya;AMBOS SEXOS;E. Superior;2020;30,04
55 - 64 años;Catalunya;AMBOS SEXOS;E. Superior;2019;28,57
55 - 64 años;Catalunya;AMBOS SEXOS;E. Superior;2018;26,49

55 - 64 años;Comunitat Valenciana;AMBOS SEXOS;Inferior a 2ª etapa de E. Secundaria;2023;50,64
55 - 64 años;Comunitat Valenciana;AMBOS SEXOS;Inferior a 2ª etapa de E. Secundaria;2022;52,33
55 - 64 años;Comunitat Valenciana;AMBOS SEXOS;Inferior a 2ª etapa de E. Secundaria;2021;49,95
55 - 64 años;Comunitat Valenciana;AMBOS SEXOS;Inferior a 2ª etapa de E. Secundaria;2020;50,07
55 - 64 años;Comunitat Valenciana;AMBOS SEXOS;Inferior a 2ª etapa de E. Secundaria;2019;54,10
55 - 64 años;Comunitat Valenciana;AMBOS SEXOS;Inferior a 2ª etapa de E. Secundaria;2018;56,57

55 - 64 años;Comunitat Valenciana;AMBOS SEXOS;2ª etapa E. Secundaria;2023;22,32
55 - 64 años;Comunitat Valenciana;AMBOS SEXOS;2ª etapa E. Secundaria;2022;22,47
55 - 64 años;Comunitat Valenciana;AMBOS SEXOS;2ª etapa E. Secundaria;2021;23,14
55 - 64 años;Comunitat Valenciana;AMBOS SEXOS;2ª etapa E. Secundaria;2020;23,09
55 - 64 años;Comunitat Valenciana;AMBOS SEXOS;2ª etapa E. Secundaria;2019;21,53
55 - 64 años;Comunitat Valenciana;AMBOS SEXOS;2ª etapa E. Secundaria;2018;20,82

55 - 64 años;Comunitat Valenciana;AMBOS SEXOS;E. Superior;2023;27,04
55 - 64 años;Comunitat Valenciana;AMBOS SEXOS;E. Superior;2022;25,19
55 - 64 años;Comunitat Valenciana;AMBOS SEXOS;E. Superior;2021;26,91
55 - 64 años;Comunitat Valenciana;AMBOS SEXOS;E. Superior;2020;26,84
55 - 64 años;Comunitat Valenciana;AMBOS SEXOS;E. Superior;2019;24,37
55 - 64 años;Comunitat Valenciana;AMBOS SEXOS;E. Superior;2018;22,61

55 - 64 años;Extremadura;AMBOS SEXOS;Inferior a 2ª etapa de E. Secundaria;2023;60,97
55 - 64 años;Extremadura;AMBOS SEXOS;Inferior a 2ª etapa de E. Secundaria;2022;64,82
55 - 64 años;Extremadura;AMBOS SEXOS;Inferior a 2ª etapa de E. Secundaria;2021;66,80
55 - 64 años;Extremadura;AMBOS SEXOS;Inferior a 2ª etapa de E. Secundaria;2020;67,61
55 - 64 años;Extremadura;AMBOS SEXOS;Inferior a 2ª etapa de E. Secundaria;2019;68,83
55 - 64 años;Extremadura;AMBOS SEXOS;Inferior a 2ª etapa de E. Secundaria;2018;67,61

55 - 64 años;Extremadura;AMBOS SEXOS;2ª etapa E. Secundaria;2023;17,73
55 - 64 años;Extremadura;AMBOS SEXOS;2ª etapa E. Secundaria;2022;17,01
55 - 64 años;Extremadura;AMBOS SEXOS;2ª etapa E. Secundaria;2021;16,88
55 - 64 años;Extremadura;AMBOS SEXOS;2ª etapa E. Secundaria;2020;15,87
55 - 64 años;Extremadura;AMBOS SEXOS;2ª etapa E. Secundaria;2019;15,37
55 - 64 años;Extremadura;AMBOS SEXOS;2ª etapa E. Secundaria;2018;16,28

55 - 64 años;Extremadura;AMBOS SEXOS;E. Superior;2023;21,30
55 - 64 años;Extremadura;AMBOS SEXOS;E. Superior;2022;18,18
55 - 64 años;Extremadura;AMBOS SEXOS;E. Superior;2021;16,32
55 - 64 años;Extremadura;AMBOS SEXOS;E. Superior;2020;16,53
55 - 64 años;Extremadura;AMBOS SEXOS;E. Superior;2019;15,80
55 - 64 años;Extremadura;AMBOS SEXOS;E. Superior;2018;16,11

55 - 64 años;Galicia;AMBOS SEXOS;Inferior a 2ª etapa de E. Secundaria;2023;50,30
55 - 64 años;Galicia;AMBOS SEXOS;Inferior a 2ª etapa de E. Secundaria;2022;51,12
55 - 64 años;Galicia;AMBOS SEXOS;Inferior a 2ª etapa de E. Secundaria;2021;51,78
55 - 64 años;Galicia;AMBOS SEXOS;Inferior a 2ª etapa de E. Secundaria;2020;54,90
55 - 64 años;Galicia;AMBOS SEXOS;Inferior a 2ª etapa de E. Secundaria;2019;57,22
55 - 64 años;Galicia;AMBOS SEXOS;Inferior a 2ª etapa de E. Secundaria;2018;58,70

55 - 64 años;Galicia;AMBOS SEXOS;2ª etapa E. Secundaria;2023;21,34
55 - 64 años;Galicia;AMBOS SEXOS;2ª etapa E. Secundaria;2022;18,78
55 - 64 años;Galicia;AMBOS SEXOS;2ª etapa E. Secundaria;2021;18,74
55 - 64 años;Galicia;AMBOS SEXOS;2ª etapa E. Secundaria;2020;19,32
55 - 64 años;Galicia;AMBOS SEXOS;2ª etapa E. Secundaria;2019;20,40
55 - 64 años;Galicia;AMBOS SEXOS;2ª etapa E. Secundaria;2018;19,16

55 - 64 años;Galicia;AMBOS SEXOS;E. Superior;2023;28,36
55 - 64 años;Galicia;AMBOS SEXOS;E. Superior;2022;30,11
55 - 64 años;Galicia;AMBOS SEXOS;E. Superior;2021;29,48
55 - 64 años;Galicia;AMBOS SEXOS;E. Superior;2020;25,78
55 - 64 años;Galicia;AMBOS SEXOS;E. Superior;2019;22,38
55 - 64 años;Galicia;AMBOS SEXOS;E. Superior;2018;22,15

55 - 64 años;Comunidad de Madrid;AMBOS SEXOS;Inferior a 2ª etapa de E. Secundaria;2023;30,69
55 - 64 años;Comunidad de Madrid;AMBOS SEXOS;Inferior a 2ª etapa de E. Secundaria;2022;30,55
55 - 64 años;Comunidad de Madrid;AMBOS SEXOS;Inferior a 2ª etapa de E. Secundaria;2021;34,52
55 - 64 años;Comunidad de Madrid;AMBOS SEXOS;Inferior a 2ª etapa de E. Secundaria;2020;34,58
55 - 64 años;Comunidad de Madrid;AMBOS SEXOS;Inferior a 2ª etapa de E. Secundaria;2019;37,30
55 - 64 años;Comunidad de Madrid;AMBOS SEXOS;Inferior a 2ª etapa de E. Secundaria;2018;41,04

55 - 64 años;Comunidad de Madrid;AMBOS SEXOS;2ª etapa E. Secundaria;2023;28,87
55 - 64 años;Comunidad de Madrid;AMBOS SEXOS;2ª etapa E. Secundaria;2022;29,27
55 - 64 años;Comunidad de Madrid;AMBOS SEXOS;2ª etapa E. Secundaria;2021;28,17
55 - 64 años;Comunidad de Madrid;AMBOS SEXOS;2ª etapa E. Secundaria;2020;28,11
55 - 64 años;Comunidad de Madrid;AMBOS SEXOS;2ª etapa E. Secundaria;2019;25,59
55 - 64 años;Comunidad de Madrid;AMBOS SEXOS;2ª etapa E. Secundaria;2018;25,99

55 - 64 años;Comunidad de Madrid;AMBOS SEXOS;E. Superior;2023;40,44
55 - 64 años;Comunidad de Madrid;AMBOS SEXOS;E. Superior;2022;40,18
55 - 64 años;Comunidad de Madrid;AMBOS SEXOS;E. Superior;2021;37,31
55 - 64 años;Comunidad de Madrid;AMBOS SEXOS;E. Superior;2020;37,30
55 - 64 años;Comunidad de Madrid;AMBOS SEXOS;E. Superior;2019;37,11
55 - 64 años;Comunidad de Madrid;AMBOS SEXOS;E. Superior;2018;32,97

55 - 64 años;Region de Murcia;AMBOS SEXOS;Inferior a 2ª etapa de E. Secundaria;2023;53,04
55 - 64 años;Region de Murcia;AMBOS SEXOS;Inferior a 2ª etapa de E. Secundaria;2022;55,49
55 - 64 años;Region de Murcia;AMBOS SEXOS;Inferior a 2ª etapa de E. Secundaria;2021;56,02
55 - 64 años;Region de Murcia;AMBOS SEXOS;Inferior a 2ª etapa de E. Secundaria;2020;55,71
55 - 64 años;Region de Murcia;AMBOS SEXOS;Inferior a 2ª etapa de E. Secundaria;2019;57,39
55 - 64 años;Region de Murcia;AMBOS SEXOS;Inferior a 2ª etapa de E. Secundaria;2018;61,38

55 - 64 años;Region de Murcia;AMBOS SEXOS;2ª etapa E. Secundaria;2023;21,78
55 - 64 años;Region de Murcia;AMBOS SEXOS;2ª etapa E. Secundaria;2022;19,89
55 - 64 años;Region de Murcia;AMBOS SEXOS;2ª etapa E. Secundaria;2021;18,24
55 - 64 años;Region de Murcia;AMBOS SEXOS;2ª etapa E. Secundaria;2020;18,15
55 - 64 años;Region de Murcia;AMBOS SEXOS;2ª etapa E. Secundaria;2019;18,61
55 - 64 años;Region de Murcia;AMBOS SEXOS;2ª etapa E. Secundaria;2018;18,57

55 - 64 años;Region de Murcia;AMBOS SEXOS;E. Superior;2023;25,18
55 - 64 años;Region de Murcia;AMBOS SEXOS;E. Superior;2022;24,63
55 - 64 años;Region de Murcia;AMBOS SEXOS;E. Superior;2021;25,74
55 - 64 años;Region de Murcia;AMBOS SEXOS;E. Superior;2020;26,15
55 - 64 años;Region de Murcia;AMBOS SEXOS;E. Superior;2019;24,00
55 - 64 años;Region de Murcia;AMBOS SEXOS;E. Superior;2018;20,04

55 - 64 años;Comunidad foral de Navarra;AMBOS SEXOS;Inferior a 2ª etapa de E. Secundaria;2023;37,08
55 - 64 años;Comunidad foral de Navarra;AMBOS SEXOS;Inferior a 2ª etapa de E. Secundaria;2022;39,21
55 - 64 años;Comunidad foral de Navarra;AMBOS SEXOS;Inferior a 2ª etapa de E. Secundaria;2021;42,24
55 - 64 años;Comunidad foral de Navarra;AMBOS SEXOS;Inferior a 2ª etapa de E. Secundaria;2020;44,28
55 - 64 años;Comunidad foral de Navarra;AMBOS SEXOS;Inferior a 2ª etapa de E. Secundaria;2019;45,13
55 - 64 años;Comunidad foral de Navarra;AMBOS SEXOS;Inferior a 2ª etapa de E. Secundaria;2018;46,03

55 - 64 años;Comunidad foral de Navarra;AMBOS SEXOS;2ª etapa E. Secundaria;2023;22,05
55 - 64 años;Comunidad foral de Navarra;AMBOS SEXOS;2ª etapa E. Secundaria;2022;24,74
55 - 64 años;Comunidad foral de Navarra;AMBOS SEXOS;2ª etapa E. Secundaria;2021;24,23
55 - 64 años;Comunidad foral de Navarra;AMBOS SEXOS;2ª etapa E. Secundaria;2020;21,49
55 - 64 años;Comunidad foral de Navarra;AMBOS SEXOS;2ª etapa E. Secundaria;2019;20,16
55 - 64 años;Comunidad foral de Navarra;AMBOS SEXOS;2ª etapa E. Secundaria;2018;20,24

55 - 64 años;Comunidad foral de Navarra;AMBOS SEXOS;E. Superior;2023;40,87
55 - 64 años;Comunidad foral de Navarra;AMBOS SEXOS;E. Superior;2022;36,06
55 - 64 años;Comunidad foral de Navarra;AMBOS SEXOS;E. Superior;2021;33,53
55 - 64 años;Comunidad foral de Navarra;AMBOS SEXOS;E. Superior;2020;34,23
55 - 64 años;Comunidad foral de Navarra;AMBOS SEXOS;E. Superior;2019;34,72
55 - 64 años;Comunidad foral de Navarra;AMBOS SEXOS;E. Superior;2018;33,73

55 - 64 años;Pais Vasco;AMBOS SEXOS;Inferior a 2ª etapa de E. Secundaria;2023;33,86
55 - 64 años;Pais Vasco;AMBOS SEXOS;Inferior a 2ª etapa de E. Secundaria;2022;32,60
55 - 64 años;Pais Vasco;AMBOS SEXOS;Inferior a 2ª etapa de E. Secundaria;2021;30,90
55 - 64 años;Pais Vasco;AMBOS SEXOS;Inferior a 2ª etapa de E. Secundaria;2020;36,96
55 - 64 años;Pais Vasco;AMBOS SEXOS;Inferior a 2ª etapa de E. Secundaria;2019;42,70
55 - 64 años;Pais Vasco;AMBOS SEXOS;Inferior a 2ª etapa de E. Secundaria;2018;43,43

55 - 64 años;Pais Vasco;AMBOS SEXOS;2ª etapa E. Secundaria;2023;23,92
55 - 64 años;Pais Vasco;AMBOS SEXOS;2ª etapa E. Secundaria;2022;25,05
55 - 64 años;Pais Vasco;AMBOS SEXOS;2ª etapa E. Secundaria;2021;25,49
55 - 64 años;Pais Vasco;AMBOS SEXOS;2ª etapa E. Secundaria;2020;23,64
55 - 64 años;Pais Vasco;AMBOS SEXOS;2ª etapa E. Secundaria;2019;21,30
55 - 64 años;Pais Vasco;AMBOS SEXOS;2ª etapa E. Secundaria;2018;22,15

55 - 64 años;Pais Vasco;AMBOS SEXOS;E. Superior;2023;42,22
55 - 64 años;Pais Vasco;AMBOS SEXOS;E. Superior;2022;42,35
55 - 64 años;Pais Vasco;AMBOS SEXOS;E. Superior;2021;43,61
55 - 64 años;Pais Vasco;AMBOS SEXOS;E. Superior;2020;39,40
55 - 64 años;Pais Vasco;AMBOS SEXOS;E. Superior;2019;36,00
55 - 64 años;Pais Vasco;AMBOS SEXOS;E. Superior;2018;34,41


55 - 64 años;La Rioja;AMBOS SEXOS;Inferior a 2ª etapa de E. Secundaria;2023;46,54
55 - 64 años;La Rioja;AMBOS SEXOS;Inferior a 2ª etapa de E. Secundaria;2022;42,71
55 - 64 años;La Rioja;AMBOS SEXOS;Inferior a 2ª etapa de E. Secundaria;2021;46,48
55 - 64 años;La Rioja;AMBOS SEXOS;Inferior a 2ª etapa de E. Secundaria;2020;46,00
55 - 64 años;La Rioja;AMBOS SEXOS;Inferior a 2ª etapa de E. Secundaria;2019;45,49
55 - 64 años;La Rioja;AMBOS SEXOS;Inferior a 2ª etapa de E. Secundaria;2018;46,23

55 - 64 años;La Rioja;AMBOS SEXOS;2ª etapa E. Secundaria;2023;23,03
55 - 64 años;La Rioja;AMBOS SEXOS;2ª etapa E. Secundaria;2022;22,90
55 - 64 años;La Rioja;AMBOS SEXOS;2ª etapa E. Secundaria;2021;19,20
55 - 64 años;La Rioja;AMBOS SEXOS;2ª etapa E. Secundaria;2020;22,24
55 - 64 años;La Rioja;AMBOS SEXOS;2ª etapa E. Secundaria;2019;23,49
55 - 64 años;La Rioja;AMBOS SEXOS;2ª etapa E. Secundaria;2018;22,71

55 - 64 años;La Rioja;AMBOS SEXOS;E. Superior;2023;30,44
55 - 64 años;La Rioja;AMBOS SEXOS;E. Superior;2022;34,39
55 - 64 años;La Rioja;AMBOS SEXOS;E. Superior;2021;34,32
55 - 64 años;La Rioja;AMBOS SEXOS;E. Superior;2020;31,76
55 - 64 años;La Rioja;AMBOS SEXOS;E. Superior;2019;31,02
55 - 64 años;La Rioja;AMBOS SEXOS;E. Superior;2018;31,05

55 - 64 años;Ceuta;AMBOS SEXOS;Inferior a 2ª etapa de E. Secundaria;2023;62,69
55 - 64 años;Ceuta;AMBOS SEXOS;Inferior a 2ª etapa de E. Secundaria;2022;61,96
55 - 64 años;Ceuta;AMBOS SEXOS;Inferior a 2ª etapa de E. Secundaria;2021;50,28
55 - 64 años;Ceuta;AMBOS SEXOS;Inferior a 2ª etapa de E. Secundaria;2020;47,99
55 - 64 años;Ceuta;AMBOS SEXOS;Inferior a 2ª etapa de E. Secundaria;2019;63,53
55 - 64 años;Ceuta;AMBOS SEXOS;Inferior a 2ª etapa de E. Secundaria;2018;61,64

55 - 64 años;Ceuta;AMBOS SEXOS;2ª etapa E. Secundaria;2023;20,13
55 - 64 años;Ceuta;AMBOS SEXOS;2ª etapa E. Secundaria;2022;20,26
55 - 64 años;Ceuta;AMBOS SEXOS;2ª etapa E. Secundaria;2021;30,85
55 - 64 años;Ceuta;AMBOS SEXOS;2ª etapa E. Secundaria;2020;26,77
55 - 64 años;Ceuta;AMBOS SEXOS;2ª etapa E. Secundaria;2019;20,40
55 - 64 años;Ceuta;AMBOS SEXOS;2ª etapa E. Secundaria;2018;19,94

55 - 64 años;Ceuta;AMBOS SEXOS;E. Superior;2023;17,18
55 - 64 años;Ceuta;AMBOS SEXOS;E. Superior;2022;17,78
55 - 64 años;Ceuta;AMBOS SEXOS;E. Superior;2021;18,87
55 - 64 años;Ceuta;AMBOS SEXOS;E. Superior;2020;25,24
55 - 64 años;Ceuta;AMBOS SEXOS;E. Superior;2019;16,08
55 - 64 años;Ceuta;AMBOS SEXOS;E. Superior;2018;18,43

55 - 64 años;Melilla;AMBOS SEXOS;Inferior a 2ª etapa de E. Secundaria;2023;45,05
55 - 64 años;Melilla;AMBOS SEXOS;Inferior a 2ª etapa de E. Secundaria;2022;49,32
55 - 64 años;Melilla;AMBOS SEXOS;Inferior a 2ª etapa de E. Secundaria;2021;46,75
55 - 64 años;Melilla;AMBOS SEXOS;Inferior a 2ª etapa de E. Secundaria;2020;44,97
55 - 64 años;Melilla;AMBOS SEXOS;Inferior a 2ª etapa de E. Secundaria;2019;54,14
55 - 64 años;Melilla;AMBOS SEXOS;Inferior a 2ª etapa de E. Secundaria;2018;60,22

55 - 64 años;Melilla;AMBOS SEXOS;2ª etapa E. Secundaria;2023;29,14
55 - 64 años;Melilla;AMBOS SEXOS;2ª etapa E. Secundaria;2022;22,99
55 - 64 años;Melilla;AMBOS SEXOS;2ª etapa E. Secundaria;2021;22,70
55 - 64 años;Melilla;AMBOS SEXOS;2ª etapa E. Secundaria;2020;24,48
55 - 64 años;Melilla;AMBOS SEXOS;2ª etapa E. Secundaria;2019;19,76
55 - 64 años;Melilla;AMBOS SEXOS;2ª etapa E. Secundaria;2018;14,56

55 - 64 años;Melilla;AMBOS SEXOS;E. Superior;2023;25,81
55 - 64 años;Melilla;AMBOS SEXOS;E. Superior;2022;27,69
55 - 64 años;Melilla;AMBOS SEXOS;E. Superior;2021;30,55
55 - 64 años;Melilla;AMBOS SEXOS;E. Superior;2020;30,55
55 - 64 años;Melilla;AMBOS SEXOS;E. Superior;2019;26,10
55 - 64 años;Melilla;AMBOS SEXOS;E. Superior;2018;25,22